{"cameraMode":{"drawMode":0,"name":"Shaded","section":"Shading Mode"},"sceneLighting":true,"audioPlay":false,"sceneViewState":{"showFog":false,"showMaterialUpdate":false,"showSkybox":false,"showFlares":false,"showImageEffects":false,"showParticleSystems":true},"in2DMode":false,"pivot":{"x":2.873837471008301,"y":1.3204686641693116,"z":1.944998025894165},"rotation":{"x":0.026313014328479768,"y":0.6818532347679138,"z":-0.02455741912126541,"w":0.730603039264679},"size":13.29889965057373,"orthographic":false}