{"cameraMode":{"drawMode":0,"name":"Shaded","section":"Shading Mode"},"sceneLighting":false,"audioPlay":false,"sceneViewState":{"showFog":false,"showMaterialUpdate":false,"showSkybox":false,"showFlares":false,"showImageEffects":false,"showParticleSystems":true},"in2DMode":false,"pivot":{"x":-0.6254060864448547,"y":0.4926632344722748,"z":-0.1826171875},"rotation":{"x":0.011425929144024849,"y":-0.8387857675552368,"z":0.017617525532841684,"w":0.5440565943717957},"size":1.306962013244629,"orthographic":true}