{"cameraMode":{"drawMode":0,"name":"Shaded","section":"Shading Mode"},"sceneLighting":true,"audioPlay":false,"sceneViewState":{"showFog":false,"showMaterialUpdate":false,"showSkybox":false,"showFlares":false,"showImageEffects":false,"showParticleSystems":true},"in2DMode":false,"pivot":{"x":2.9417951107025148,"y":5.540215969085693,"z":-6.306887149810791},"rotation":{"x":0.20196829736232758,"y":-0.37449875473976138,"z":0.08394183218479157,"w":0.9010623693466187},"size":23.123634338378908,"orthographic":true}